{"products":[{"id":"0.9579049725209301","qty":1}],"totalPrice":5.989999999999998}